DSC_ID,MAIN_MARK,CUSTOM_TIMING_TYP,COM_UPDATE_FUNC_ID,COM_UPDATE_USER_ID,COM_UPDATE_TIMESTAMP,COM_CREATE_FUNC_ID,COM_CREATE_USER_ID,COM_CREATE_TIMESTAMP
JUNIT,21,1,test,test,2014/03/14 13:36:12,test,test,2014/03/14 13:36:23
JUNIT,49,1,test,test,2014/03/14 13:36:12,test,test,2014/03/14 13:36:23
JUNIT,48,1,test,test,2014/03/14 13:36:12,test,test,2014/03/14 13:36:23
JUNIT,47,1,test,test,2014/03/14 13:36:12,test,test,2014/03/14 13:36:23
JUNIT,46,1,test,test,2014/03/14 13:36:12,test,test,2014/03/14 13:36:23
JUNIT,45,1,test,test,2014/03/14 13:36:12,test,test,2014/03/14 13:36:23
JUNIT,44,1,test,test,2014/03/14 13:36:12,test,test,2014/03/14 13:36:23
JUNIT,43,1,test,test,2014/03/14 13:36:12,test,test,2014/03/14 13:36:23
JUNIT,1,1,test,test,2014/03/14 13:36:12,test,test,2014/03/14 13:36:23
JUNIT,2,1,test,test,2014/03/14 13:36:12,test,test,2014/03/14 13:36:23
JUNIT,3,1,test,test,2014/03/14 13:36:12,test,test,2014/03/14 13:36:23
JUNIT,4,1,test,test,2014/03/14 13:36:12,test,test,2014/03/14 13:36:23
JUNIT,5,1,test,test,2014/03/14 13:36:12,test,test,2014/03/14 13:36:23
JUNIT,6,1,test,test,2014/03/14 13:36:12,test,test,2014/03/14 13:36:23
JUNIT,7,1,test,test,2014/03/14 13:36:12,test,test,2014/03/14 13:36:23
JUNIT,8,1,test,test,2014/03/14 13:36:12,test,test,2014/03/14 13:36:23
JUNIT,9,1,test,test,2014/03/14 13:36:12,test,test,2014/03/14 13:36:23
JUNIT,10,1,test,test,2014/03/14 13:36:12,test,test,2014/03/14 13:36:23
JUNIT,11,1,test,test,2014/03/14 13:36:12,test,test,2014/03/14 13:36:23
JUNIT,12,1,test,test,2014/03/14 13:36:12,test,test,2014/03/14 13:36:23
JUNIT,13,1,test,test,2014/03/14 13:36:12,test,test,2014/03/14 13:36:23
JUNIT,14,1,test,test,2014/03/14 13:36:12,test,test,2014/03/14 13:36:23
JUNIT,15,1,test,test,2014/03/14 13:36:12,test,test,2014/03/14 13:36:23
JUNIT,16,1,test,test,2014/03/14 13:36:12,test,test,2014/03/14 13:36:23
JUNIT,17,1,test,test,2014/03/14 13:36:12,test,test,2014/03/14 13:36:23
JUNIT,18,1,test,test,2014/03/14 13:36:12,test,test,2014/03/14 13:36:23
JUNIT,19,1,test,test,2014/03/14 13:36:12,test,test,2014/03/14 13:36:23
JUNIT,20,1,test,test,2014/03/14 13:36:12,test,test,2014/03/14 13:36:23
JUNIT,50,1,test,test,2014/03/14 13:36:12,test,test,2014/03/14 13:36:23
JUNIT,22,1,test,test,2014/03/14 13:36:12,test,test,2014/03/14 13:36:23
JUNIT,23,1,test,test,2014/03/14 13:36:12,test,test,2014/03/14 13:36:23
JUNIT,24,1,test,test,2014/03/14 13:36:12,test,test,2014/03/14 13:36:23
JUNIT,25,1,test,test,2014/03/14 13:36:12,test,test,2014/03/14 13:36:23
JUNIT,26,1,test,test,2014/03/14 13:36:12,test,test,2014/03/14 13:36:23
JUNIT,27,1,test,test,2014/03/14 13:36:12,test,test,2014/03/14 13:36:23
JUNIT,28,1,test,test,2014/03/14 13:36:12,test,test,2014/03/14 13:36:23
JUNIT,29,1,test,test,2014/03/14 13:36:12,test,test,2014/03/14 13:36:23
JUNIT,30,1,test,test,2014/03/14 13:36:12,test,test,2014/03/14 13:36:23
JUNIT,31,1,test,test,2014/03/14 13:36:12,test,test,2014/03/14 13:36:23
JUNIT,32,1,test,test,2014/03/14 13:36:12,test,test,2014/03/14 13:36:23
JUNIT,33,1,test,test,2014/03/14 13:36:12,test,test,2014/03/14 13:36:23
JUNIT,34,1,test,test,2014/03/14 13:36:12,test,test,2014/03/14 13:36:23
JUNIT,35,1,test,test,2014/03/14 13:36:12,test,test,2014/03/14 13:36:23
JUNIT,36,1,test,test,2014/03/14 13:36:12,test,test,2014/03/14 13:36:23
JUNIT,37,1,test,test,2014/03/14 13:36:12,test,test,2014/03/14 13:36:23
JUNIT,38,1,test,test,2014/03/14 13:36:12,test,test,2014/03/14 13:36:23
JUNIT,39,1,test,test,2014/03/14 13:36:12,test,test,2014/03/14 13:36:23
JUNIT,40,1,test,test,2014/03/14 13:36:12,test,test,2014/03/14 13:36:23
JUNIT,41,1,test,test,2014/03/14 13:36:12,test,test,2014/03/14 13:36:23
JUNIT,42,1,test,test,2014/03/14 13:36:12,test,test,2014/03/14 13:36:23
JUNIT01,JUNIT01001,1,test,test,2014/03/14 13:36:12,test,test,2014/03/14 13:36:23
TG0,A101,1,test,test,2014/03/14 13:36:12,test,test,2014/03/14 13:36:23
hirao09,DMY4000140101000001,1,W2016,hirao09,2014/06/10 15:59:15,W2016,hirao09,2014/06/10 15:59:15
hirao09,DMY4000140101000010,1,W2016,hirao09,2014/06/10 15:59:15,W2016,hirao09,2014/06/10 15:59:15
seo01,DMY711504030004,A,W2016,seo07,2014/04/07 19:44:19,W2016,seo07,2014/04/07 19:44:19
seo01,DMY711504030003,A,W2016,seo07,2014/04/07 19:44:19,W2016,seo07,2014/04/07 19:44:19
seo01,DMY711504030002,A,W2016,seo07,2014/04/07 19:44:19,W2016,seo07,2014/04/07 19:44:19
seo01,DMY711504030006,A,W2016,seo07,2014/04/07 19:44:19,W2016,seo07,2014/04/07 19:44:19
